{"name":"431641fd-b92a-44cf-a0ca-629c686998aa","id":"/providers/Microsoft.Flow/flows/431641fd-b92a-44cf-a0ca-629c686998aa","type":"Microsoft.Flow/flows","properties":{"apiId":"/providers/Microsoft.PowerApps/apis/shared_logicflows","displayName":"GetDataverseTables","definition":{"metadata":{"workflowEntityId":null,"processAdvisorMetadata":null,"flowclientsuspensionreason":"None","flowclientsuspensiontime":null,"flowclientsuspensionreasondetails":null,"creator":{"id":"da0e9c97-68b9-4bfd-92df-fcd204db19a2","type":"User","tenantId":"6ac40006-b6fe-4b12-951f-4825b5bb21d4"},"provisioningMethod":"FromDefinition","failureAlertSubscription":true,"clientLastModifiedTime":"2023-03-15T10:13:53.5245719Z"},"$schema":"https://schema.management.azure.com/providers/Microsoft.Logic/schemas/2016-06-01/workflowdefinition.json#","contentVersion":"1.0.0.0","parameters":{"$connections":{"defaultValue":{},"type":"Object"},"$authentication":{"defaultValue":{},"type":"SecureObject"}},"triggers":{"manual":{"metadata":{"operationMetadataId":"63dde073-5be2-4a8d-bd12-60a85daaab5d"},"type":"Request","kind":"PowerAppV2","inputs":{"schema":{"type":"object","properties":{},"required":[]}}}},"actions":{"環境一覧を管理者として作成する":{"runAfter":{},"metadata":{"operationMetadataId":"079c156a-886a-4c9f-8e18-0043e4b39ae9"},"type":"OpenApiConnection","inputs":{"host":{"apiId":"/providers/Microsoft.PowerApps/apis/shared_powerplatformforadmins","connectionName":"shared_powerplatformforadmins","operationId":"Get-AdminEnvironment"},"parameters":{"api-version":"2018-10-01"},"authentication":{"value":"@json(decodeBase64(triggerOutputs().headers['X-MS-APIM-Tokens']))['$ConnectionKey']","type":"Raw"}}},"EndpointUrl":{"runAfter":{"環境一覧の解析":["Succeeded"]},"metadata":{"operationMetadataId":"ba0998f1-1a9f-4d1e-8505-433fc08ce28a"},"type":"Compose","inputs":"@first(outputs('環境一覧を管理者として作成する')?['body/value'])?['properties']?['linkedEnvironmentMetadata']?['instanceUrl']","description":"first(outputs('環境一覧を管理者として作成する')?['body/value'])?['properties']?['linkedEnvironmentMetadata']?['instanceUrl']"},"環境一覧の解析":{"runAfter":{"環境一覧を管理者として作成する":["Succeeded"]},"metadata":{"operationMetadataId":"a16efcb5-6799-45f3-b0cc-e5695c185921"},"type":"ParseJson","inputs":{"content":"@outputs('環境一覧を管理者として作成する')?['body/value']","schema":{"type":"array","items":{"type":"object","properties":{"id":{"type":"string"},"type":{"type":"string"},"location":{"type":"string"},"name":{"type":"string"},"properties":{"type":"object","properties":{"tenantId":{"type":"string"},"azureRegionHint":{"type":"string"},"displayName":{"type":"string"},"createdTime":{"type":"string"},"createdBy":{"type":"object","properties":{"id":{"type":"string"},"displayName":{"type":"string"},"email":{"type":"string"},"type":{"type":"string"},"tenantId":{"type":"string"},"userPrincipalName":{"type":"string"}}},"lastModifiedTime":{"type":"string"},"provisioningState":{"type":"string"},"creationType":{"type":"string"},"environmentSku":{"type":"string"},"isDefault":{"type":"boolean"},"runtimeEndpoints":{"type":"object","properties":{"microsoft.BusinessAppPlatform":{"type":"string"},"microsoft.CommonDataModel":{"type":"string"},"microsoft.PowerApps":{"type":"string"},"microsoft.PowerAppsAdvisor":{"type":"string"},"microsoft.PowerVirtualAgents":{"type":"string"},"microsoft.ApiManagement":{"type":"string"},"microsoft.Flow":{"type":"string"}}},"expirationTime":{"type":"string"},"maxAllowedExpirationTime":{"type":"string"},"linkedEnvironmentMetadata":{"type":"object","properties":{"type":{"type":"string"},"resourceId":{"type":"string"},"friendlyName":{"type":"string"},"uniqueName":{"type":"string"},"domainName":{"type":"string"},"version":{"type":"string"},"instanceUrl":{"type":"string"},"instanceApiUrl":{"type":"string"},"baseLanguage":{"type":"integer"},"instanceState":{"type":"string"},"createdTime":{"type":"string"},"modifiedTime":{"type":"string"},"hostNameSuffix":{"type":"string"},"bapSolutionId":{"type":"string"},"creationTemplates":{"type":"array","items":{"type":"string"}},"webApiVersion":{"type":"string"},"backgroundOperationsState":{"type":"string"},"scaleGroup":{"type":"string"},"platformSku":{"type":"string"}}},"trialScenarioType":{"type":"string"},"notificationMetadata":{"type":"object","properties":{"state":{"type":"string"},"branding":{"type":"string"}}},"retentionPeriod":{"type":"string"},"states":{"type":"object","properties":{"management":{"type":"object","properties":{"id":{"type":"string"}}},"runtime":{"type":"object","properties":{"runtimeReasonCode":{"type":"string"},"requestedBy":{"type":"object","properties":{"displayName":{"type":"string"},"type":{"type":"string"}}},"id":{"type":"string"}}}}},"updateCadence":{"type":"object","properties":{"id":{"type":"string"}}},"retentionDetails":{"type":"object","properties":{"retentionPeriod":{"type":"string"},"backupsAvailableFromDateTime":{"type":"string"}}},"protectionStatus":{"type":"object","properties":{"keyManagedBy":{"type":"string"}}},"cluster":{"type":"object","properties":{"category":{"type":"string"},"number":{"type":"string"},"uriSuffix":{"type":"string"},"geoShortName":{"type":"string"},"environment":{"type":"string"}}},"connectedGroups":{"type":"array"},"lifecycleOperationsEnforcement":{"type":"object","properties":{"allowedOperations":{"type":"array","items":{"type":"object","properties":{"type":{"type":"object","properties":{"id":{"type":"string"}}}},"required":["type"]}},"disallowedOperations":{"type":"array","items":{"type":"object","properties":{"type":{"type":"object","properties":{"id":{"type":"string"}}},"reason":{"type":"object","properties":{"message":{"type":"string"}}}},"required":["type","reason"]}}}},"governanceConfiguration":{"type":"object","properties":{"protectionLevel":{"type":"string"}}}}}},"required":["id","type","location","name","properties"]}}}},"HTTP_要求を呼び出します":{"runAfter":{"EndpointUrl":["Succeeded"]},"metadata":{"operationMetadataId":"ec5b73f8-631c-45b8-bbe7-ba4fd2a49805"},"type":"OpenApiConnection","inputs":{"host":{"apiId":"/providers/Microsoft.PowerApps/apis/shared_webcontents","connectionName":"shared_webcontents_2","operationId":"InvokeHttp"},"parameters":{"request/method":"GET","request/url":"@{outputs('EndpointUrl')}api/data/v9.2/EntityDefinitions","request/headers":{"Accept":"application/json"}},"authentication":{"value":"@json(decodeBase64(triggerOutputs().headers['X-MS-APIM-Tokens']))['$ConnectionKey']","type":"Raw"}},"description":"Base Resource URL / Azure AD Resource URI (Application ID URI): https://your.crm7.dynamics.com/"},"テーブル一覧の解析":{"runAfter":{"HTTP_要求を呼び出します":["Succeeded"]},"metadata":{"operationMetadataId":"374170c8-3446-4f48-b094-9791be109394"},"type":"ParseJson","inputs":{"content":"@body('HTTP_要求を呼び出します')","schema":{"type":["object","null"],"properties":{"@@odata.context":{"type":["string","null"]},"value":{"type":"array","items":{"type":["object","null"],"properties":{"ActivityTypeMask":{"type":"integer"},"AutoRouteToOwnerQueue":{"type":"boolean"},"CanTriggerWorkflow":{"type":"boolean"},"EntityHelpUrlEnabled":{"type":"boolean"},"EntityHelpUrl":{"type":["string","null"]},"IsDocumentManagementEnabled":{"type":"boolean"},"IsOneNoteIntegrationEnabled":{"type":"boolean"},"IsInteractionCentricEnabled":{"type":"boolean"},"IsKnowledgeManagementEnabled":{"type":"boolean"},"IsSLAEnabled":{"type":"boolean"},"IsBPFEntity":{"type":"boolean"},"IsDocumentRecommendationsEnabled":{"type":"boolean"},"IsMSTeamsIntegrationEnabled":{"type":"boolean"},"SettingOf":{},"DataProviderId":{"type":["string","null"]},"DataSourceId":{},"AutoCreateAccessTeams":{"type":"boolean"},"IsActivity":{"type":"boolean"},"IsActivityParty":{"type":"boolean"},"IsRetrieveAuditEnabled":{"type":"boolean"},"IsRetrieveMultipleAuditEnabled":{"type":"boolean"},"IsArchivalEnabled":{"type":"boolean"},"IsRetentionEnabled":{"type":"boolean"},"IsAvailableOffline":{"type":"boolean"},"IsChildEntity":{"type":"boolean"},"IsAIRUpdated":{"type":"boolean"},"IconLargeName":{},"IconMediumName":{},"IconSmallName":{},"IconVectorName":{},"IsCustomEntity":{"type":"boolean"},"IsBusinessProcessEnabled":{"type":"boolean"},"SyncToExternalSearchIndex":{"type":"boolean"},"IsOptimisticConcurrencyEnabled":{"type":"boolean"},"ChangeTrackingEnabled":{"type":"boolean"},"IsImportable":{"type":"boolean"},"IsIntersect":{"type":"boolean"},"IsManaged":{"type":"boolean"},"IsEnabledForCharts":{"type":"boolean"},"IsEnabledForTrace":{"type":"boolean"},"IsValidForAdvancedFind":{"type":"boolean"},"DaysSinceRecordLastModified":{"type":"integer"},"MobileOfflineFilters":{"type":["string","null"]},"IsReadingPaneEnabled":{"type":"boolean"},"IsQuickCreateEnabled":{"type":"boolean"},"LogicalName":{"type":["string","null"]},"ObjectTypeCode":{"type":"integer"},"OwnershipType":{"type":["string","null"]},"PrimaryNameAttribute":{"type":["string","null"]},"PrimaryImageAttribute":{},"PrimaryIdAttribute":{"type":["string","null"]},"RecurrenceBaseEntityLogicalName":{},"ReportViewName":{},"SchemaName":{"type":["string","null"]},"IntroducedVersion":{"type":["string","null"]},"IsStateModelAware":{"type":"boolean"},"EnforceStateTransitions":{"type":"boolean"},"ExternalName":{"type":["string","null"]},"EntityColor":{"type":["string","null"]},"LogicalCollectionName":{"type":["string","null"]},"ExternalCollectionName":{"type":["string","null"]},"CollectionSchemaName":{"type":["string","null"]},"EntitySetName":{"type":["string","null"]},"IsEnabledForExternalChannels":{"type":"boolean"},"IsPrivate":{"type":"boolean"},"UsesBusinessDataLabelTable":{"type":"boolean"},"IsLogicalEntity":{"type":"boolean"},"HasNotes":{"type":"boolean"},"HasActivities":{"type":"boolean"},"HasFeedback":{"type":"boolean"},"IsSolutionAware":{"type":"boolean"},"CreatedOn":{"type":["string","null"]},"ModifiedOn":{"type":["string","null"]},"HasEmailAddresses":{"type":"boolean"},"OwnerId":{},"OwnerIdType":{"type":"integer"},"OwningBusinessUnit":{},"TableType":{"type":["string","null"]},"MetadataId":{"type":["string","null"]},"HasChanged":{},"Description":{"type":["object","null"],"properties":{"LocalizedLabels":{"type":"array","items":{"type":["object","null"],"properties":{"Label":{"type":["string","null"]},"LanguageCode":{"type":"integer"},"IsManaged":{"type":"boolean"},"MetadataId":{"type":["string","null"]},"HasChanged":{}},"required":[]}},"UserLocalizedLabel":{"type":["object","null"],"properties":{"Label":{"type":["string","null"]},"LanguageCode":{"type":"integer"},"IsManaged":{"type":"boolean"},"MetadataId":{"type":["string","null"]},"HasChanged":{}}}}},"DisplayCollectionName":{"type":["object","null"],"properties":{"LocalizedLabels":{"type":"array","items":{"type":["object","null"],"properties":{"Label":{"type":["string","null"]},"LanguageCode":{"type":"integer"},"IsManaged":{"type":"boolean"},"MetadataId":{"type":["string","null"]},"HasChanged":{}},"required":[]}},"UserLocalizedLabel":{"type":["object","null"],"properties":{"Label":{"type":["string","null"]},"LanguageCode":{"type":"integer"},"IsManaged":{"type":"boolean"},"MetadataId":{"type":["string","null"]},"HasChanged":{}}}}},"DisplayName":{"type":["object","null"],"properties":{"LocalizedLabels":{"type":"array","items":{"type":["object","null"],"properties":{"Label":{"type":["string","null"]},"LanguageCode":{"type":"integer"},"IsManaged":{"type":"boolean"},"MetadataId":{"type":["string","null"]},"HasChanged":{}},"required":[]}},"UserLocalizedLabel":{"type":["object","null"],"properties":{"Label":{"type":["string","null"]},"LanguageCode":{"type":"integer"},"IsManaged":{"type":"boolean"},"MetadataId":{"type":["string","null"]},"HasChanged":{}}}}},"IsAuditEnabled":{"type":["object","null"],"properties":{"Value":{"type":"boolean"},"CanBeChanged":{"type":"boolean"},"ManagedPropertyLogicalName":{"type":["string","null"]}}},"IsValidForQueue":{"type":["object","null"],"properties":{"Value":{"type":"boolean"},"CanBeChanged":{"type":"boolean"},"ManagedPropertyLogicalName":{"type":["string","null"]}}},"IsConnectionsEnabled":{"type":["object","null"],"properties":{"Value":{"type":"boolean"},"CanBeChanged":{"type":"boolean"},"ManagedPropertyLogicalName":{"type":["string","null"]}}},"IsCustomizable":{"type":["object","null"],"properties":{"Value":{"type":"boolean"},"CanBeChanged":{"type":"boolean"},"ManagedPropertyLogicalName":{"type":["string","null"]}}},"IsRenameable":{"type":["object","null"],"properties":{"Value":{"type":"boolean"},"CanBeChanged":{"type":"boolean"},"ManagedPropertyLogicalName":{"type":["string","null"]}}},"IsMappable":{"type":["object","null"],"properties":{"Value":{"type":"boolean"},"CanBeChanged":{"type":"boolean"},"ManagedPropertyLogicalName":{"type":["string","null"]}}},"IsDuplicateDetectionEnabled":{"type":["object","null"],"properties":{"Value":{"type":"boolean"},"CanBeChanged":{"type":"boolean"},"ManagedPropertyLogicalName":{"type":["string","null"]}}},"CanCreateAttributes":{"type":["object","null"],"properties":{"Value":{"type":"boolean"},"CanBeChanged":{"type":"boolean"},"ManagedPropertyLogicalName":{"type":["string","null"]}}},"CanCreateForms":{"type":["object","null"],"properties":{"Value":{"type":"boolean"},"CanBeChanged":{"type":"boolean"},"ManagedPropertyLogicalName":{"type":["string","null"]}}},"CanCreateViews":{"type":["object","null"],"properties":{"Value":{"type":"boolean"},"CanBeChanged":{"type":"boolean"},"ManagedPropertyLogicalName":{"type":["string","null"]}}},"CanCreateCharts":{"type":["object","null"],"properties":{"Value":{"type":"boolean"},"CanBeChanged":{"type":"boolean"},"ManagedPropertyLogicalName":{"type":["string","null"]}}},"CanBeRelatedEntityInRelationship":{"type":["object","null"],"properties":{"Value":{"type":"boolean"},"CanBeChanged":{"type":"boolean"},"ManagedPropertyLogicalName":{"type":["string","null"]}}},"CanBePrimaryEntityInRelationship":{"type":["object","null"],"properties":{"Value":{"type":"boolean"},"CanBeChanged":{"type":"boolean"},"ManagedPropertyLogicalName":{"type":["string","null"]}}},"CanBeInManyToMany":{"type":["object","null"],"properties":{"Value":{"type":"boolean"},"CanBeChanged":{"type":"boolean"},"ManagedPropertyLogicalName":{"type":["string","null"]}}},"CanBeInCustomEntityAssociation":{"type":["object","null"],"properties":{"Value":{"type":"boolean"},"CanBeChanged":{"type":"boolean"},"ManagedPropertyLogicalName":{"type":["string","null"]}}},"CanEnableSyncToExternalSearchIndex":{"type":["object","null"],"properties":{"Value":{"type":"boolean"},"CanBeChanged":{"type":"boolean"},"ManagedPropertyLogicalName":{"type":["string","null"]}}},"CanModifyAdditionalSettings":{"type":["object","null"],"properties":{"Value":{"type":"boolean"},"CanBeChanged":{"type":"boolean"},"ManagedPropertyLogicalName":{"type":["string","null"]}}},"CanChangeHierarchicalRelationship":{"type":["object","null"],"properties":{"Value":{"type":"boolean"},"CanBeChanged":{"type":"boolean"},"ManagedPropertyLogicalName":{"type":["string","null"]}}},"CanChangeTrackingBeEnabled":{"type":["object","null"],"properties":{"Value":{"type":"boolean"},"CanBeChanged":{"type":"boolean"},"ManagedPropertyLogicalName":{"type":["string","null"]}}},"IsMailMergeEnabled":{"type":["object","null"],"properties":{"Value":{"type":"boolean"},"CanBeChanged":{"type":"boolean"},"ManagedPropertyLogicalName":{"type":["string","null"]}}},"IsVisibleInMobile":{"type":["object","null"],"properties":{"Value":{"type":"boolean"},"CanBeChanged":{"type":"boolean"},"ManagedPropertyLogicalName":{"type":["string","null"]}}},"IsVisibleInMobileClient":{"type":["object","null"],"properties":{"Value":{"type":"boolean"},"CanBeChanged":{"type":"boolean"},"ManagedPropertyLogicalName":{"type":["string","null"]}}},"IsReadOnlyInMobileClient":{"type":["object","null"],"properties":{"Value":{"type":"boolean"},"CanBeChanged":{"type":"boolean"},"ManagedPropertyLogicalName":{"type":["string","null"]}}},"IsOfflineInMobileClient":{"type":["object","null"],"properties":{"Value":{"type":"boolean"},"CanBeChanged":{"type":"boolean"},"ManagedPropertyLogicalName":{"type":["string","null"]}}},"Privileges":{"type":"array","items":{"type":["object","null"],"properties":{"CanBeBasic":{"type":"boolean"},"CanBeDeep":{"type":"boolean"},"CanBeGlobal":{"type":"boolean"},"CanBeLocal":{"type":"boolean"},"CanBeEntityReference":{"type":"boolean"},"CanBeParentEntityReference":{"type":"boolean"},"Name":{"type":["string","null"]},"PrivilegeId":{"type":["string","null"]},"PrivilegeType":{"type":["string","null"]}},"required":[]}},"Settings":{"type":"array"}},"required":[]}}}}}},"HTML_テーブルの作成":{"runAfter":{"テーブルをフィルタリング（IsManaged==false）":["Succeeded"]},"metadata":{"operationMetadataId":"fe87ce35-03c1-4c12-b548-985c85faafde"},"type":"Table","inputs":{"from":"@body('テーブルをフィルタリング（IsManaged==false）')","format":"HTML"},"description":"body('テーブル一覧の解析')?['value']"},"テーブルをフィルタリング（IsManaged==false）":{"runAfter":{"テーブル一覧の解析":["Succeeded"]},"metadata":{"operationMetadataId":"8a66e472-2903-40e8-b25a-614d990f31b7"},"type":"Query","inputs":{"from":"@body('テーブル一覧の解析')?['value']","where":"@equals(item()?['IsManaged'], false)"},"description":"body('テーブル一覧の解析')?['value'] / item()?['IsManaged']"}}},"connectionReferences":{"shared_powerplatformforadmins":{"connectionName":"shared-powerplatform-8c796b00-3b34-4794-ad5e-6ace6869f2e0","source":"Invoker","id":"/providers/Microsoft.PowerApps/apis/shared_powerplatformforadmins","tier":"NotSpecified"},"shared_webcontents_2":{"connectionName":"shared-webcontents-ff3f62c2-8154-4b12-a7b9-9e001f6917ad","source":"Invoker","id":"/providers/Microsoft.PowerApps/apis/shared_webcontents","tier":"NotSpecified"}},"flowFailureAlertSubscribed":false,"isManaged":false}}